-- V2: 初始化种子数据（幂等）
SET NAMES utf8mb4;
SET FOREIGN_KEY_CHECKS = 0;

-- 1) 店铺类型（tb_shop_type）  —— 原始记录见 hmdp.sql【tb_shop_type】
--    参考来源行：L161-L170【:contentReference[oaicite:1]{index=1}】
INSERT INTO tb_shop_type (id, name, icon, sort, create_time, update_time) VALUES
                                                                              (1, '美食', '/types/ms.png', 1, '2021-12-22 20:17:47', '2021-12-23 11:24:31'),
                                                                              (2, 'KTV', '/types/KTV.png', 2, '2021-12-22 20:18:27', '2021-12-23 11:24:31'),
                                                                              (3, '丽人·美发', '/types/lrmf.png', 3, '2021-12-22 20:18:48', '2021-12-23 11:24:31'),
                                                                              (4, '健身运动', '/types/jsyd.png', 10, '2021-12-22 20:19:04', '2021-12-23 11:24:31'),
                                                                              (5, '按摩·足疗', '/types/amzl.png', 5, '2021-12-22 20:19:27', '2021-12-23 11:24:31'),
                                                                              (6, '美容SPA', '/types/spa.png', 6, '2021-12-22 20:19:35', '2021-12-23 11:24:31'),
                                                                              (7, '亲子游乐', '/types/qzyl.png', 7, '2021-12-22 20:19:53', '2021-12-23 11:24:31'),
                                                                              (8, '酒吧', '/types/jiuba.png', 8, '2021-12-22 20:20:02', '2021-12-23 11:24:31'),
                                                                              (9, '轰趴馆', '/types/hpg.png', 9, '2021-12-22 20:20:08', '2021-12-23 11:24:31'),
                                                                              (10, '美睫·美甲', '/types/mjmj.png', 4, '2021-12-22 20:21:46', '2021-12-23 11:24:31')
    ON DUPLICATE KEY UPDATE
                         name=VALUES(name), icon=VALUES(icon), sort=VALUES(sort), update_time=VALUES(update_time);

-- 2) 店铺（tb_shop） —— 原始记录见 hmdp.sql【tb_shop】
--    参考来源行：L129-L142【:contentReference[oaicite:2]{index=2}】
INSERT INTO tb_shop
(id, name, type_id, images, area, address, x, y, avg_price, sold, comments, score, open_hours, create_time, update_time) VALUES
                                                                                                                             (1, '103茶餐厅', 1, 'https://qcloud.dpfile.com/pc/jiclIsCKmOI2arxKN1Uf0Hx3PucIJH8q0QSz-Z8llzcN56-_QiKuOvyio1OOxsRtFoXqu0G3iT2T27qat3WhLVEuLYk00OmSS1IdNpm8K8sG4JN9RIm2mTKcbLtc2o2vfCF2ubeXzk49OsGrXt_KYDCngOyCwZK-s3fqawWswzk.jpg,https://qcloud.dpfile.com/pc/IOf6VX3qaBgFXFVgp75w-KKJmWZjFc8GXDU8g9bQC6YGCpAmG00QbfT4vCCBj7njuzFvxlbkWx5uwqY2qcjixFEuLYk00OmSS1IdNpm8K8sG4JN9RIm2mTKcbLtc2o2vmIU_8ZGOT1OjpJmLxG6urQ.jpg', '大关', '金华路锦昌文华苑29号', 120.149192, 30.316078, 80, 0000004215, 0000003035, 37, '10:00-22:00', '2021-12-22 18:10:39', '2022-01-13 17:32:19'),
                                                                                                                             (2, '蔡馬洪涛烤肉·老北京铜锅涮羊肉', 1, 'https://p0.meituan.net/bbia/c1870d570e73accbc9fee90b48faca41195272.jpg,http://p0.meituan.net/mogu/397e40c28fc87715b3d5435710a9f88d706914.jpg,https://qcloud.dpfile.com/pc/MZTdRDqCZdbPDUO0Hk6lZENRKzpKRF7kavrkEI99OxqBZTzPfIxa5E33gBfGouhFuzFvxlbkWx5uwqY2qcjixFEuLYk00OmSS1IdNpm8K8sG4JN9RIm2mTKcbLtc2o2vmIU_8ZGOT1OjpJmLxG6urQ.jpg', '拱宸桥/上塘', '上塘路1035号（中国工商银行旁）', 120.151505, 30.333422, 85, 0000002160, 0000001460, 46, '11:30-03:00', '2021-12-22 19:00:13', '2022-01-11 16:12:26'),
                                                                                                                             (3, '新白鹿餐厅(运河上街店)', 1, 'https://p0.meituan.net/biztone/694233_1619500156517.jpeg,https://img.meituan.net/msmerchant/876ca8983f7395556eda9ceb064e6bc51840883.png,https://img.meituan.net/msmerchant/86a76ed53c28eff709a36099aefe28b51554088.png', '运河上街', '台州路2号运河上街购物中心F5', 120.151954, 30.324970, 61, 0000012035, 0000008045, 47, '10:30-21:00', '2021-12-22 19:10:05', '2022-01-11 16:12:42'),
                                                                                                                             (4, 'Mamala(杭州远洋乐堤港店)', 1, 'https://img.meituan.net/msmerchant/232f8fdf09050838bd33fb24e79f30f9606056.jpg,https://qcloud.dpfile.com/pc/rDe48Xe15nQOHCcEEkmKUp5wEKWbimt-HDeqYRWsYJseXNncvMiXbuED7x1tXqN4uzFvxlbkWx5uwqY2qcjixFEuLYk00OmSS1IdNpm8K8sG4JN9RIm2mTKcbLtc2o2vmIU_8ZGOT1OjpJmLxG6urQ.jpg', '拱宸桥/上塘', '丽水路66号远洋乐堤港商城2期1层B115号', 120.146659, 30.312742, 290, 0000013519, 0000009529, 49, '11:00-22:00', '2021-12-22 19:17:15', '2022-01-11 16:12:51'),
                                                                                                                             (5, '海底捞火锅(水晶城购物中心店）', 1, 'https://img.meituan.net/msmerchant/054b5de0ba0b50c18a620cc37482129a45739.jpg,https://img.meituan.net/msmerchant/59b7eff9b60908d52bd4aea9ff356e6d145920.jpg,https://qcloud.dpfile.com/pc/Qe2PTEuvtJ5skpUXKKoW9OQ20qc7nIpHYEqJGBStJx0mpoyeBPQOJE4vOdYZwm9AuzFvxlbkWx5uwqY2qcjixFEuLYk00OmSS1IdNpm8K8sG4JN9RIm2mTKcbLtc2o2vmIU_8ZGOT1OjpJmLxG6urQ.jpg', '大关', '上塘路458号水晶城购物中心F6', 120.157780, 30.310633, 104, 0000004125, 0000002764, 49, '10:00-07:00', '2021-12-22 19:20:58', '2022-01-11 16:13:01'),
                                                                                                                             (6, '幸福里老北京涮锅（丝联店）', 1, 'https://img.meituan.net/msmerchant/e71a2d0d693b3033c15522c43e03f09198239.jpg,https://img.meituan.net/msmerchant/9f8a966d60ffba00daf35458522273ca658239.jpg,https://img.meituan.net/msmerchant/ef9ca5ef6c05d381946fe4a9aa7d9808554502.jpg', '拱宸桥/上塘', '金华南路189号丝联166号', 120.148603, 30.318618, 130, 0000009531, 0000007324, 46, '11:00-13:50,17:00-20:50', '2021-12-22 19:24:53', '2022-01-11 16:13:09'),
                                                                                                                             (7, '炉鱼(拱墅万达广场店)', 1, 'https://img.meituan.net/msmerchant/909434939a49b36f340523232924402166854.jpg,https://img.meituan.net/msmerchant/32fd2425f12e27db0160e837461c10303700032.jpg,https://img.meituan.net/msmerchant/f7022258ccb8dabef62a0514d3129562871160.jpg', '北部新城', '杭行路666号万达商业中心4幢2单元409室(铺位号4005)', 120.124691, 30.336819, 85, 0000002631, 0000001320, 47, '00:00-24:00', '2021-12-22 19:40:52', '2022-01-11 16:13:19'),
                                                                                                                             (8, '浅草屋寿司（运河上街店）', 1, 'https://img.meituan.net/msmerchant/cf3dff697bf7f6e11f4b79c4e7d989e4591290.jpg,https://img.meituan.net/msmerchant/0b463f545355c8d8f021eb2987dcd0c8567811.jpg,https://img.meituan.net/msmerchant/c3c2516939efaf36c4ccc64b0e629fad587907.jpg', '运河上街', '拱墅区金华路80号运河上街B1', 120.150526, 30.325231, 88, 0000002406, 0000001206, 46, ' 11:00-21:30', '2021-12-22 19:51:06', '2022-01-11 16:13:25'),
                                                                                                                             (9, '羊老三羊蝎子牛仔排北派炭火锅(运河上街店)', 1, 'https://p0.meituan.net/biztone/163160492_1624251899456.jpeg,https://img.meituan.net/msmerchant/e478eb16f7e31a7f8b29b5e3bab6de205500837.jpg,https://img.meituan.net/msmerchant/6173eb1d18b9d70ace7fdb3f2dd939662884857.jpg', '运河上街', '台州路2号运河上街购物中心F5', 120.150598, 30.325251, 101, 0000002763, 0000001363, 44, '11:00-21:30', '2021-12-22 19:53:59', '2022-01-11 16:13:34'),
                                                                                                                             (10, '开乐迪KTV（运河上街店）', 2, 'https://p0.meituan.net/joymerchant/a575fd4adb0b9099c5c410058148b307-674435191.jpg,https://p0.meituan.net/merchantpic/68f11bf850e25e437c5f67decfd694ab2541634.jpg,https://p0.meituan.net/dpdeal/cb3a12225860ba2875e4ea26c6d14fcc197016.jpg', '运河上街', '台州路2号运河上街购物中心F4', 120.149093, 30.324666, 67, 0000026891, 0000000902, 37, '00:00-24:00', '2021-12-22 20:25:16', '2021-12-22 20:25:16'),
                                                                                                                             (11, 'INLOVE KTV(水晶城店)', 2, 'https://p0.meituan.net/dpmerchantpic/53e74b200211d68988a4f02ae9912c6c1076826.jpg,https://qcloud.dpfile.com/pc/4iWtIvzLzwM2MGgyPu1PCDb4SWEaKqUeHm--YAt1EwR5tn8kypBcqNwHnjg96EvT_Gd2X_f-v9T8Yj4uLt25Gg.jpg,https://qcloud.dpfile.com/pc/WZsJWRI447x1VG2x48Ujgu7vwqksi_9WitdKI4j3jvIgX4MZOpGNaFtM93oSSizbGybIjx5eX6WNgCPvcASYAw.jpg', '水晶城', '上塘路458号水晶城购物中心6层', 120.158530, 30.310002, 75, 0000035977, 0000005684, 47, '11:30-06:00', '2021-12-22 20:29:02', '2021-12-22 20:39:00'),
                                                                                                                             (12, '魅(杭州远洋乐堤港店)', 2, 'https://p0.meituan.net/dpmerchantpic/63833f6ba0393e2e8722420ef33f3d40466664.jpg,https://p0.meituan.net/dpmerchantpic/ae3c94cc92c529c4b1d7f68cebed33fa105810.png,', '远洋乐堤港', '丽水路58号远洋乐堤港F4', 120.149830, 30.312110, 88, 0000006444, 0000000235, 46, '10:00-02:00', '2021-12-22 20:34:34', '2021-12-22 20:34:34'),
                                                                                                                             (13, '讴K拉量贩KTV(北城天地店)', 2, 'https://p1.meituan.net/merchantpic/598c83a8c0d06fe79ca01056e214d345875600.jpg,https://qcloud.dpfile.com/pc/HhvI0YyocYHRfGwJWqPQr34hRGRl4cWdvlNwn3dqghvi4WXlM2FY1te0-7pE3Wb9_Gd2X_f-v9T8Yj4uLt25Gg.jpg,https://qcloud.dpfile.com/pc/F5ZVzZaXFE27kvQzPnaL4V8O9QCpVw2nkzGrxZE8BqXgkfyTpNExfNG5CEPQX4pjGybIjx5eX6WNgCPvcASYAw.jpg', 'D32天阳购物中心', '湖州街567号北城天地5层', 120.130453, 30.327655, 58, 0000018997, 0000001857, 41, '12:00-02:00', '2021-12-22 20:38:54', '2021-12-22 20:40:04'),
                                                                                                                             (14, '星聚会KTV(拱墅区万达店)', 2, 'https://p0.meituan.net/dpmerchantpic/f4cd6d8d4eb1959c3ea826aa05a552c01840451.jpg,https://p0.meituan.net/dpmerchantpic/2efc07aed856a8ab0fc75c86f4b9b0061655777.jpg,https://qcloud.dpfile.com/pc/zWfzzIorCohKT0bFwsfAlHuayWjI6DBEMPHHncmz36EEMU9f48PuD9VxLLDAjdoU_Gd2X_f-v9T8Yj4uLt25Gg.jpg', '北部新城', '杭行路666号万达广场C座1-2F', 120.128958, 30.337252, 60, 0000017771, 0000000685, 47, '10:00-22:00', '2021-12-22 20:48:54', '2021-12-22 20:48:54')
    ON DUPLICATE KEY UPDATE
                         name=VALUES(name), type_id=VALUES(type_id), images=VALUES(images), area=VALUES(area),
                         address=VALUES(address), x=VALUES(x), y=VALUES(y), avg_price=VALUES(avg_price),
                         sold=VALUES(sold), comments=VALUES(comments), score=VALUES(score),
                         open_hours=VALUES(open_hours), update_time=VALUES(update_time);

-- 3) 笔记/探店（tb_blog） —— 原始记录见 hmdp.sql【tb_blog】
--    参考来源行：L41-L44【:contentReference[oaicite:3]{index=3}】
INSERT INTO tb_blog
(id, shop_id, user_id, title, images, content, liked, comments, create_time, update_time) VALUES
                                                                                              (4, 4, 2, '无尽浪漫的夜晚丨在万花丛中摇晃着红酒杯🍷品战斧牛排🥩', '/imgs/blogs/7/14/4771fefb-1a87-4252-816c-9f7ec41ffa4a.jpg,/imgs/blogs/4/10/2f07e3c9-ddce-482d-9ea7-c21450f8d7cd.jpg,/imgs/blogs/2/6/b0756279-65da-4f2d-b62a-33f74b06454a.jpg,/imgs/blogs/10/7/7e97f47d-eb49-4dc9-a583-95faa7aed287.jpg,/imgs/blogs/1/2/4a7b496b-2a08-4af7-aa95-df2c3bd0ef97.jpg,/imgs/blogs/14/3/52b290eb-8b5d-403b-8373-ba0bb856d18e.jpg', '生活就是一半烟火·一半诗意<br/>手执烟火谋生活·心怀诗意以谋爱·<br/>当然<br/>\r\n男朋友给不了的浪漫要学会自己给🍒<br/>\n无法重来的一生·尽量快乐.<br/><br/>🏰「小筑里·神秘浪漫花园餐厅」🏰<br/><br/>\n💯这是一家最最最美花园的西餐厅·到处都是花餐桌上是花前台是花  美好无处不在\n品一口葡萄酒，维亚红酒马瑟兰·微醺上头工作的疲惫消失无际·生如此多娇🍃<br/><br/>📍地址:延安路200号(家乐福面)<br/><br/>🚌交通:地铁①号线定安路B口出右转过下通道右转就到啦～<br/><br/>--------------🥣菜品详情🥣---------------<br/><br/>「战斧牛排]<br/>\n超大一块战斧牛排经过火焰的炙烤发出阵阵香，外焦里嫩让人垂涎欲滴，切开牛排的那一刻，牛排的汁水顺势流了出来，分熟的牛排肉质软，简直细嫩到犯规，一刻都等不了要放入嘴里咀嚼～<br/><br/>「奶油培根意面」<br/>太太太好吃了💯<br/>我真的无法形容它的美妙，意面混合奶油香菇的香味真的太太太香了，我真的舔盘了，一丁点美味都不想浪费‼️<br/><br/><br/>「香菜汁烤鲈鱼」<br/>这个酱是辣的 真的绝好吃‼️<br/>鲈鱼本身就很嫩没什么刺，烤过之后外皮酥酥的，鱼肉蘸上酱料根本停不下来啊啊啊啊<br/>能吃辣椒的小伙伴一定要尝尝<br/><br/>非常可 好吃子🍽\n<br/>--------------🍃个人感受🍃---------------<br/><br/>【👩🏻‍🍳服务】<br/>小姐姐特别耐心的给我们介绍彩票 <br/>推荐特色菜品，拍照需要帮忙也是尽心尽力配合，太爱他们了<br/><br/>【🍃环境】<br/>比较有格调的西餐厅 整个餐厅的布局可称得上的万花丛生 有种在人间仙境的感觉🌸<br/>集美食美酒与鲜花为一体的风格店铺 令人向往<br/>烟火皆是生活 人间皆是浪漫<br/>', 1, 104, '2021-12-28 19:50:01', '2022-03-10 14:26:34'),
                                                                                              (5, 1, 2, '人均30💰杭州这家港式茶餐厅我疯狂打call‼️', '/imgs/blogs/4/7/863cc302-d150-420d-a596-b16e9232a1a6.jpg,/imgs/blogs/11/12/8b37d208-9414-4e78-b065-9199647bb3e3.jpg,/imgs/blogs/4/1/fa74a6d6-3026-4cb7-b0b6-35abb1e52d11.jpg,/imgs/blogs/9/12/ac2ce2fb-0605-4f14-82cc-c962b8c86688.jpg,/imgs/blogs/4/0/26a7cd7e-6320-432c-a0b4-1b7418f45ec7.jpg,/imgs/blogs/15/9/cea51d9b-ac15-49f6-b9f1-9cf81e9b9c85.jpg', '又吃到一家好吃的茶餐厅🍴环境是怀旧tvb港风📺边吃边拍照片📷几十种菜品均价都在20+💰可以是很平价了！<br>·<br>店名：九记冰厅(远洋店)<br>地址：杭州市丽水路远洋乐堤港负一楼（溜冰场旁边）<br>·<br>✔️黯然销魂饭（38💰）<br>这碗饭我吹爆！米饭上盖满了甜甜的叉烧 还有两颗溏心蛋🍳每一粒米饭都裹着浓郁的酱汁 光盘了<br>·<br>✔️铜锣湾漏奶华（28💰）<br>黄油吐司烤的脆脆的 上面洒满了可可粉🍫一刀切开 奶盖流心像瀑布一样流出来  满足<br>·<br>✔️神仙一口西多士士（16💰）<br>简简单单却超级好吃！西多士烤的很脆 黄油味浓郁 面包体超级柔软 上面淋了炼乳<br>·<br>✔️怀旧五柳炸蛋饭（28💰）<br>四个鸡蛋炸成蓬松的炸蛋！也太好吃了吧！还有大块鸡排 上淋了酸甜的酱汁 太合我胃口了！！<br>·<br>✔️烧味双拼例牌（66💰）<br>选了烧鹅➕叉烧 他家烧腊品质真的惊艳到我！据说是每日广州发货 到店现烧现卖的黑棕鹅 每口都是正宗的味道！肉质很嫩 皮超级超级酥脆！一口爆油！叉烧肉也一点都不柴 甜甜的很入味 搭配梅子酱很解腻 ！<br>·<br>✔️红烧脆皮乳鸽（18.8💰）<br>乳鸽很大只 这个价格也太划算了吧， 肉质很有嚼劲 脆皮很酥 越吃越香～<br>·<br>✔️大满足小吃拼盘（25💰）<br>翅尖➕咖喱鱼蛋➕蝴蝶虾➕盐酥鸡<br>zui喜欢里面的咖喱鱼！咖喱酱香甜浓郁！鱼蛋很q弹～<br>·<br>✔️港式熊仔丝袜奶茶（19💰）<br>小熊🐻造型的奶茶冰也太可爱了！颜值担当 很地道的丝袜奶茶 茶味特别浓郁～<br>·', 1, 0, '2021-12-28 20:57:49', '2022-03-10 09:21:39'),
                                                                                              (6, 10, 1, '杭州周末好去处｜💰50就可以骑马啦🐎', '/imgs/blogs/blog1.jpg', '杭州周末好去处｜💰50就可以骑马啦🐎', 1, 0, '2022-01-11 16:05:47', '2022-03-10 09:21:41'),
                                                                                              (7, 10, 1, '杭州周末好去处｜💰50就可以骑马啦🐎', '/imgs/blogs/blog1.jpg', '杭州周末好去处｜💰50就可以骑马啦🐎', 1, 0, '2022-01-11 16:05:47', '2022-03-10 09:21:42')
    ON DUPLICATE KEY UPDATE
                         shop_id=VALUES(shop_id), user_id=VALUES(user_id),
                         title=VALUES(title), images=VALUES(images), content=VALUES(content),
                         liked=VALUES(liked), comments=VALUES(comments), update_time=VALUES(update_time);

SET FOREIGN_KEY_CHECKS = 1;
